username,first_name,last_name,email,Python,SQL,HTML,Javascript,Typescript,Haskell,C,Java,Rust,Go,Lua,PHP,React,Angular,Ruby,R,Shell,Scala,Nix,Swift,Clojure,Elixir,Perl,Kotlin,Dart,Erlang,F#,Visual Basic .NET,Julia,Assembly,WebAssembly,Fortran,Objective-C,Groovy,SystemVerilog,DM,PowerShell,CodeQL,Emacs Lisp,experience,skills,skills_cosine_similarity,bounties_cosine_similarity
ewrqymva,Andrew,Brown,Andrew.Brown@gmail.com,2,7,10,2,7,10,7,2,10,7,2,7,10,7,2,10,7,2,10,2,7,10,2,7,10,2,7,10,7,2,7,2,7,2,10,7,2,10,7,42,"['Kotlin', 'SystemVerilog', 'Dart', 'Elixir', 'CodeQL', 'Visual Basic .NET', 'HTML', 'Java', 'PowerShell', 'Perl', 'Assembly', 'WebAssembly', 'Lua', 'C#', 'Haskell', 'Typescript', 'React', 'Python', 'Erlang', 'Swift', 'Groovy', 'PHP', 'Objective-C', 'DM', 'Ruby', 'C++', 'Scala', 'Fortran', 'R', 'Rust', 'F#', 'Go', 'Nix', 'Angular', 'Emacs Lisp']",1.0,1.0
glzcuimz,Jessica,White,Jessica.White@yahoo.com,1,5,9,1,5,9,5,1,9,5,1,5,9,5,1,9,5,1,9,1,5,9,1,5,9,1,5,9,5,1,5,1,5,1,9,5,1,9,5,32,"['Elixir', 'SQL', 'Julia', 'PowerShell', 'Python', 'Dart', 'Shell', 'JavaScript', 'Java', 'C#']",1.0,1.0
oysutnoe,Christopher,Thompson,Christopher.Thompson@yahoo.com,1,5,9,1,5,9,5,1,9,5,1,5,9,5,1,9,5,1,9,1,5,9,1,5,9,1,5,9,5,1,5,1,5,1,9,5,1,9,5,32,"['Emacs Lisp', 'Fortran', 'CodeQL', 'Elixir', 'JavaScript', 'Scala', 'Java', 'R', 'SystemVerilog', 'SQL', 'Dart', 'Rust', 'DM', 'PowerShell', 'Assembly', 'Visual Basic .NET']",1.0,1.0
jqielkpw,Robert,Wilson,Robert.Wilson@yahoo.com,1,5,8,1,5,8,5,1,8,5,1,5,8,5,1,8,5,1,8,1,5,8,1,5,8,1,5,8,5,1,5,1,5,1,8,5,1,8,5,30,"['Swift', 'SQL', 'Lua', 'React', 'Perl', 'PHP', 'Ruby', 'Shell', 'C++']",1.0,1.0
yxpxpkgr,Ashley,Johnson,Ashley.Johnson@outlook.com,3,4,8,3,4,8,4,3,8,4,3,4,8,4,3,8,4,3,8,3,4,8,3,4,8,3,4,8,4,3,4,3,4,3,8,4,3,8,4,36,"['R', 'Perl', 'PHP', 'SQL', 'Julia', 'Clojure', 'Python', 'Shell', 'Rust', 'Assembly', 'Fortran', 'WebAssembly', 'HTML', 'JavaScript', 'Go', 'React', 'Kotlin', 'C#', 'Ruby', 'C++', 'Elixir', 'CodeQL', 'Nix', 'Angular', 'Swift', 'PowerShell', 'Java', 'Erlang', 'Scala', 'Groovy']",1.0,1.0
jpbfupyw,Ava,Brown,Ava.Brown@hotmail.com,1,6,9,1,6,9,6,1,9,6,1,6,9,6,1,9,6,1,9,1,6,9,1,6,9,1,6,9,6,1,6,1,6,1,9,6,1,9,6,34,['Rust'],1.0,1.0
nenphbjp,Abigail,King,Abigail.King@outlook.com,2,7,10,2,7,10,7,2,10,7,2,7,10,7,2,10,7,2,10,2,7,10,2,7,10,2,7,10,7,2,7,2,7,2,10,7,2,10,7,42,"['Elixir', 'Typescript', 'Emacs Lisp', 'Lua', 'Scala', 'SystemVerilog', 'Ruby', 'Dart', 'React', 'DM', 'C#', 'SQL', 'Groovy', 'Swift', 'Angular', 'PHP', 'WebAssembly', 'Nix', 'HTML', 'Erlang', 'Kotlin', 'Perl', 'Fortran', 'Shell', 'Clojure', 'Julia', 'Assembly', 'PowerShell', 'C', 'C++', 'Haskell']",1.0,1.0
mufuajql,Matthew,Anderson,Matthew.Anderson@gmail.com,1,6,10,1,6,10,6,1,10,6,1,6,10,6,1,10,6,1,10,1,6,10,1,6,10,1,6,10,6,1,6,1,6,1,10,6,1,10,6,36,"['Groovy', 'Emacs Lisp', 'Ruby', 'Kotlin']",1.0,1.0
bnjnsnos,Robert,Harris,Robert.Harris@outlook.com,1,4,9,1,4,9,4,1,9,4,1,4,9,4,1,9,4,1,9,1,4,9,1,4,9,1,4,9,4,1,4,1,4,1,9,4,1,9,4,30,"['Haskell', 'C', 'Clojure', 'Lua', 'Typescript', 'WebAssembly', 'Ruby']",1.0,1.0
vgcfwsof,Ava,King,Ava.King@gmail.com,1,4,10,1,4,10,4,1,10,4,1,4,10,4,1,10,4,1,10,1,4,10,1,4,10,1,4,10,4,1,4,1,4,1,10,4,1,10,4,32,"['PHP', 'Kotlin', 'Shell', 'JavaScript', 'Lua', 'HTML', 'Groovy', 'C', 'Elixir', 'Nix', 'F#', 'Emacs Lisp', 'Angular', 'Visual Basic .NET', 'SQL', 'Dart', 'WebAssembly', 'React', 'Julia', 'Typescript', 'Ruby', 'Erlang', 'Java', 'Clojure']",1.0,1.0
yjkdwmyc,Robert,Jones,Robert.Jones@gmail.com,2,4,9,2,4,9,4,2,9,4,2,4,9,4,2,9,4,2,9,2,4,9,2,4,9,2,4,9,4,2,4,2,4,2,9,4,2,9,4,34,"['Python', 'Julia', 'PHP', 'Rust', 'Swift', 'Nix', 'HTML', 'Groovy', 'Ruby', 'Kotlin', 'PowerShell', 'SystemVerilog', 'JavaScript', 'Erlang', 'Lua', 'Java', 'Assembly', 'Go']",1.0,1.0
tlftphut,Robert,Johnson,Robert.Johnson@outlook.com,1,7,10,1,7,10,7,1,10,7,1,7,10,7,1,10,7,1,10,1,7,10,1,7,10,1,7,10,7,1,7,1,7,1,10,7,1,10,7,38,"['Nix', 'Typescript', 'JavaScript', 'WebAssembly', 'SystemVerilog', 'Erlang', 'Fortran']",1.0,1.0
hifhvpko,Ashley,Harris,Ashley.Harris@hotmail.com,1,5,9,1,5,9,5,1,9,5,1,5,9,5,1,9,5,1,9,1,5,9,1,5,9,1,5,9,5,1,5,1,5,1,9,5,1,9,5,32,"['WebAssembly', 'Java', 'Elixir', 'CodeQL', 'JavaScript', 'Visual Basic .NET', 'DM', 'Typescript', 'Swift', 'Rust', 'Nix', 'SystemVerilog', 'C#', 'Angular', 'Perl', 'Julia', 'SQL', 'Kotlin', 'C++', 'React', 'Python', 'R', 'Go', 'Scala', 'PHP', 'F#', 'Assembly']",1.0,1.0
dnmykmre,Robert,Smith,Robert.Smith@hotmail.com,1,7,10,1,7,10,7,1,10,7,1,7,10,7,1,10,7,1,10,1,7,10,1,7,10,1,7,10,7,1,7,1,7,1,10,7,1,10,7,38,"['Python', 'Nix', 'Scala', 'CodeQL', 'Ruby', 'PowerShell', 'PHP']",1.0,1.0
gdfemgxv,Emily,Moore,Emily.Moore@hotmail.com,1,7,10,1,7,10,7,1,10,7,1,7,10,7,1,10,7,1,10,1,7,10,1,7,10,1,7,10,7,1,7,1,7,1,10,7,1,10,7,38,"['DM', 'C', 'F#', 'React', 'C++', 'Elixir', 'HTML', 'Shell', 'Kotlin', 'Emacs Lisp', 'Typescript', 'PHP', 'Haskell', 'Clojure', 'Julia', 'Visual Basic .NET', 'Scala', 'Nix', 'Swift', 'C#', 'Fortran', 'Ruby', 'CodeQL', 'Python', 'Rust', 'Angular', 'JavaScript', 'Objective-C']",1.0,1.0
vihixnka,Ashley,Wilson,Ashley.Wilson@hotmail.com,1,5,10,1,5,10,5,1,10,5,1,5,10,5,1,10,5,1,10,1,5,10,1,5,10,1,5,10,5,1,5,1,5,1,10,5,1,10,5,34,"['DM', 'Lua', 'WebAssembly', 'Swift', 'Objective-C', 'F#', 'C#', 'Perl', 'Ruby', 'Groovy', 'Fortran', 'Kotlin', 'Rust', 'Julia', 'JavaScript', 'Erlang', 'SystemVerilog']",1.0,1.0
kggneqai,Mia,Anderson,Mia.Anderson@hotmail.com,3,7,10,3,7,10,7,3,10,7,3,7,10,7,3,10,7,3,10,3,7,10,3,7,10,3,7,10,7,3,7,3,7,3,10,7,3,10,7,46,"['Erlang', 'Dart', 'Visual Basic .NET', 'Groovy', 'JavaScript', 'C#', 'PowerShell', 'Emacs Lisp', 'HTML', 'DM', 'SystemVerilog', 'SQL', 'Kotlin', 'Elixir', 'Go', 'Ruby']",1.0,1.0
nlqohaul,Andrew,Wilson,Andrew.Wilson@yahoo.com,1,7,8,1,7,8,7,1,8,7,1,7,8,7,1,8,7,1,8,1,7,8,1,7,8,1,7,8,7,1,7,1,7,1,8,7,1,8,7,34,"['Angular', 'PHP', 'PowerShell', 'WebAssembly', 'Dart', 'C', 'Shell', 'Lua', 'C++', 'Scala', 'Assembly', 'Clojure', 'Haskell', 'F#', 'Emacs Lisp', 'Java', 'Julia', 'JavaScript', 'CodeQL', 'HTML', 'Erlang', 'C#', 'Perl', 'Objective-C', 'Ruby', 'Elixir', 'R', 'SystemVerilog']",1.0,1.0
bjiscrrz,Isabella,King,Isabella.King@gmail.com,3,7,9,3,7,9,7,3,9,7,3,7,9,7,3,9,7,3,9,3,7,9,3,7,9,3,7,9,7,3,7,3,7,3,9,7,3,9,7,44,"['Nix', 'Groovy', 'Shell', 'Erlang', 'Fortran', 'Rust', 'Swift', 'Clojure']",1.0,1.0
efuzzgwr,Michael,Taylor,Michael.Taylor@gmail.com,1,7,8,1,7,8,7,1,8,7,1,7,8,7,1,8,7,1,8,1,7,8,1,7,8,1,7,8,7,1,7,1,7,1,8,7,1,8,7,34,"['Go', 'F#', 'C++', 'Perl']",1.0,1.0
gesnczpq,Jane,Miller,Jane.Miller@outlook.com,2,5,9,2,5,9,5,2,9,5,2,5,9,5,2,9,5,2,9,2,5,9,2,5,9,2,5,9,5,2,5,2,5,2,9,5,2,9,5,36,"['Perl', 'Objective-C', 'Angular', 'Go', 'PHP', 'C', 'Haskell', 'Python', 'Visual Basic .NET', 'Groovy']",1.0,1.0
nupvlpje,Christopher,King,Christopher.King@outlook.com,1,6,8,1,6,8,6,1,8,6,1,6,8,6,1,8,6,1,8,1,6,8,1,6,8,1,6,8,6,1,6,1,6,1,8,6,1,8,6,32,"['PHP', 'PowerShell', 'HTML', 'Haskell', 'React', 'Scala', 'SQL', 'Swift', 'Elixir', 'Python', 'Rust', 'Julia', 'Fortran', 'Objective-C', 'CodeQL', 'Nix', 'Kotlin', 'Lua', 'Dart', 'Java', 'Groovy', 'C', 'Typescript', 'Perl', 'Shell', 'Erlang', 'Ruby']",1.0,1.0
wofaemgi,Mia,Allen,Mia.Allen@gmail.com,1,7,10,1,7,10,7,1,10,7,1,7,10,7,1,10,7,1,10,1,7,10,1,7,10,1,7,10,7,1,7,1,7,1,10,7,1,10,7,38,"['Visual Basic .NET', 'C++', 'Emacs Lisp', 'PHP', 'F#', 'JavaScript', 'Rust', 'R', 'PowerShell', 'React', 'CodeQL', 'Go', 'Elixir', 'C', 'C#', 'Clojure', 'HTML', 'Objective-C', 'SystemVerilog', 'Haskell', 'Java', 'Python', 'Erlang', 'Swift', 'Nix', 'Perl', 'Ruby', 'Scala', 'Kotlin', 'Julia', 'SQL']",1.0,1.0
xuwidcbk,Isabella,Smith,Isabella.Smith@hotmail.com,3,5,10,3,5,10,5,3,10,5,3,5,10,5,3,10,5,3,10,3,5,10,3,5,10,3,5,10,5,3,5,3,5,3,10,5,3,10,5,42,"['C', 'Perl', 'Clojure', 'Scala']",1.0,1.0
vqnuuxtr,James,Wilson,James.Wilson@outlook.com,3,5,10,3,5,10,5,3,10,5,3,5,10,5,3,10,5,3,10,3,5,10,3,5,10,3,5,10,5,3,5,3,5,3,10,5,3,10,5,42,"['Shell', 'C', 'SQL', 'Emacs Lisp', 'Elixir', 'Lua', 'Groovy', 'F#']",1.0,1.0
enfmjxnj,Daniel,Young,Daniel.Young@yahoo.com,1,4,9,1,4,9,4,1,9,4,1,4,9,4,1,9,4,1,9,1,4,9,1,4,9,1,4,9,4,1,4,1,4,1,9,4,1,9,4,30,"['SQL', 'Julia', 'Swift', 'Typescript', 'Ruby', 'Scala', 'Visual Basic .NET', 'C', 'Shell', 'Elixir', 'Kotlin', 'Perl', 'Objective-C', 'C++', 'Haskell', 'React', 'Groovy', 'Clojure', 'Dart', 'Assembly', 'Nix', 'Python', 'CodeQL', 'Go', 'HTML', 'PowerShell', 'Emacs Lisp', 'Erlang', 'Rust', 'Java', 'F#', 'Lua']",1.0,1.0
drudqmcq,Olivia,Jones,Olivia.Jones@outlook.com,1,7,8,1,7,8,7,1,8,7,1,7,8,7,1,8,7,1,8,1,7,8,1,7,8,1,7,8,7,1,7,1,7,1,8,7,1,8,7,34,"['SQL', 'Go', 'Dart', 'JavaScript', 'Julia', 'WebAssembly', 'Lua', 'Objective-C', 'R', 'C', 'Clojure', 'HTML', 'SystemVerilog', 'Groovy', 'Perl']",1.0,1.0
sripqbau,Michael,Smith,Michael.Smith@outlook.com,1,5,9,1,5,9,5,1,9,5,1,5,9,5,1,9,5,1,9,1,5,9,1,5,9,1,5,9,5,1,5,1,5,1,9,5,1,9,5,32,"['Rust', 'Fortran', 'CodeQL', 'Erlang', 'Elixir', 'Haskell', 'Objective-C', 'PHP', 'WebAssembly', 'Ruby', 'Assembly', 'C#', 'Kotlin', 'Angular', 'Groovy', 'Go', 'F#', 'SQL', 'Visual Basic .NET', 'JavaScript', 'React', 'Java', 'Clojure', 'Emacs Lisp', 'SystemVerilog', 'Python']",1.0,1.0
orlqkaiw,Jane,Smith,Jane.Smith@hotmail.com,2,6,8,2,6,8,6,2,8,6,2,6,8,6,2,8,6,2,8,2,6,8,2,6,8,2,6,8,6,2,6,2,6,2,8,6,2,8,6,36,"['SystemVerilog', 'Erlang', 'JavaScript', 'PHP', 'C++', 'Scala', 'Emacs Lisp', 'Kotlin', 'Rust', 'Lua', 'Haskell', 'Clojure', 'Shell', 'HTML', 'Ruby', 'CodeQL', 'Groovy', 'Assembly', 'C#', 'Java', 'Swift', 'Go', 'Fortran', 'Elixir', 'Julia', 'SQL', 'R', 'WebAssembly', 'DM', 'Perl', 'Angular', 'Typescript', 'Python']",1.0,1.0
ycpuiuct,Isabella,Taylor,Isabella.Taylor@outlook.com,2,4,8,2,4,8,4,2,8,4,2,4,8,4,2,8,4,2,8,2,4,8,2,4,8,2,4,8,4,2,4,2,4,2,8,4,2,8,4,32,"['CodeQL', 'Typescript', 'Java', 'Assembly', 'Elixir', 'C', 'Visual Basic .NET', 'PHP', 'Fortran', 'DM', 'Emacs Lisp', 'Shell', 'Lua', 'Dart', 'C#', 'Groovy', 'WebAssembly', 'JavaScript', 'SystemVerilog', 'Scala', 'Nix', 'Erlang', 'Rust', 'SQL', 'HTML', 'Go', 'PowerShell', 'Angular', 'React', 'Perl', 'C++', 'Kotlin', 'Swift', 'Julia', 'Clojure', 'Ruby', 'Objective-C', 'R', 'Python', 'F#']",1.0,1.0
gyheqyab,Michael,Taylor,Michael.Taylor@yahoo.com,2,6,10,2,6,10,6,2,10,6,2,6,10,6,2,10,6,2,10,2,6,10,2,6,10,2,6,10,6,2,6,2,6,2,10,6,2,10,6,40,"['PowerShell', 'F#', 'Julia', 'Swift', 'Scala', 'React', 'HTML', 'C#', 'Fortran', 'R', 'C++', 'Kotlin', 'Assembly', 'Nix', 'C', 'PHP', 'CodeQL', 'Erlang', 'Python', 'Clojure', 'SystemVerilog', 'WebAssembly', 'Go', 'Objective-C', 'Elixir', 'JavaScript', 'Lua', 'Perl', 'Typescript', 'DM', 'Haskell', 'Angular', 'Dart', 'Shell', 'Groovy', 'Emacs Lisp', 'Visual Basic .NET', 'SQL', 'Rust', 'Ruby']",1.0,1.0
uhkyehsd,Isabella,White,Isabella.White@yahoo.com,3,6,8,3,6,8,6,3,8,6,3,6,8,6,3,8,6,3,8,3,6,8,3,6,8,3,6,8,6,3,6,3,6,3,8,6,3,8,6,40,"['Java', 'Swift', 'C#', 'Shell', 'Scala', 'F#', 'Erlang', 'Visual Basic .NET', 'R', 'Nix', 'CodeQL', 'Fortran', 'Elixir']",1.0,1.0
tuwrhuzk,Ava,King,Ava.King@hotmail.com,3,6,10,3,6,10,6,3,10,6,3,6,10,6,3,10,6,3,10,3,6,10,3,6,10,3,6,10,6,3,6,3,6,3,10,6,3,10,6,44,"['Haskell', 'SystemVerilog', 'PowerShell', 'Nix', 'SQL', 'DM', 'Rust', 'Dart', 'Swift', 'Julia', 'Clojure', 'Go', 'Groovy', 'Lua', 'Objective-C', 'R', 'Kotlin', 'Elixir', 'JavaScript', 'C', 'Perl', 'Angular', 'Fortran', 'C++', 'PHP', 'C#']",1.0,1.0
maoaajvt,John,Davis,John.Davis@hotmail.com,3,4,8,3,4,8,4,3,8,4,3,4,8,4,3,8,4,3,8,3,4,8,3,4,8,3,4,8,4,3,4,3,4,3,8,4,3,8,4,36,"['Lua', 'Assembly', 'Groovy', 'C', 'Dart', 'DM', 'Ruby', 'Typescript', 'WebAssembly', 'JavaScript', 'PowerShell', 'Erlang', 'F#', 'Haskell', 'Angular', 'SystemVerilog', 'HTML', 'Elixir', 'Emacs Lisp', 'CodeQL', 'Go', 'Fortran', 'Swift', 'Nix', 'R', 'SQL', 'Shell', 'PHP', 'Perl', 'Java', 'Python', 'Objective-C', 'Visual Basic .NET']",1.0,1.0
aaczkmhb,John,Jackson,John.Jackson@outlook.com,3,4,10,3,4,10,4,3,10,4,3,4,10,4,3,10,4,3,10,3,4,10,3,4,10,3,4,10,4,3,4,3,4,3,10,4,3,10,4,40,"['Clojure', 'Angular', 'Java', 'C#', 'CodeQL', 'Emacs Lisp', 'Kotlin', 'Shell', 'C', 'Visual Basic .NET', 'Lua', 'Swift', 'Assembly', 'Haskell', 'PHP']",1.0,1.0
lduqyhmf,Ashley,Miller,Ashley.Miller@outlook.com,3,4,8,3,4,8,4,3,8,4,3,4,8,4,3,8,4,3,8,3,4,8,3,4,8,3,4,8,4,3,4,3,4,3,8,4,3,8,4,36,"['Objective-C', 'C#', 'Haskell', 'F#', 'Dart', 'Lua', 'Rust', 'Shell', 'Go', 'Java', 'Angular', 'CodeQL', 'DM', 'HTML', 'Typescript', 'Python', 'R', 'WebAssembly', 'Swift', 'Perl', 'C', 'Scala', 'Groovy', 'SQL', 'Emacs Lisp', 'Erlang', 'Elixir', 'Ruby', 'JavaScript', 'Fortran', 'React', 'Assembly', 'Nix', 'PHP']",1.0,1.0
upuiiaci,William,Williams,William.Williams@yahoo.com,3,6,9,3,6,9,6,3,9,6,3,6,9,6,3,9,6,3,9,3,6,9,3,6,9,3,6,9,6,3,6,3,6,3,9,6,3,9,6,42,"['Scala', 'Typescript', 'Visual Basic .NET', 'Perl', 'JavaScript', 'Python', 'Clojure', 'CodeQL', 'HTML', 'Kotlin', 'Fortran', 'C++']",1.0,1.0
ziceorzh,Mia,Anderson,Mia.Anderson@yahoo.com,1,4,9,1,4,9,4,1,9,4,1,4,9,4,1,9,4,1,9,1,4,9,1,4,9,1,4,9,4,1,4,1,4,1,9,4,1,9,4,30,"['Ruby', 'WebAssembly', 'Go', 'Nix', 'SystemVerilog', 'React', 'PowerShell', 'Julia', 'DM', 'Erlang', 'SQL', 'Rust', 'Visual Basic .NET', 'Swift', 'F#', 'Fortran', 'Kotlin']",1.0,1.0
bvztqsqi,Christopher,Johnson,Christopher.Johnson@gmail.com,1,5,9,1,5,9,5,1,9,5,1,5,9,5,1,9,5,1,9,1,5,9,1,5,9,1,5,9,5,1,5,1,5,1,9,5,1,9,5,32,"['F#', 'Rust', 'Kotlin', 'Dart', 'Clojure']",1.0,1.0
momqzbdk,Mia,Wilson,Mia.Wilson@outlook.com,3,7,8,3,7,8,7,3,8,7,3,7,8,7,3,8,7,3,8,3,7,8,3,7,8,3,7,8,7,3,7,3,7,3,8,7,3,8,7,42,"['HTML', 'Fortran', 'SystemVerilog', 'CodeQL', 'DM', 'R', 'Objective-C', 'C', 'F#', 'C++', 'Haskell', 'Perl', 'WebAssembly', 'C#', 'PowerShell', 'Typescript', 'React', 'Go', 'Groovy', 'PHP', 'Rust', 'SQL', 'Erlang', 'Java', 'Ruby']",1.0,1.0
yuvzsefd,James,Johnson,James.Johnson@hotmail.com,3,4,10,3,4,10,4,3,10,4,3,4,10,4,3,10,4,3,10,3,4,10,3,4,10,3,4,10,4,3,4,3,4,3,10,4,3,10,4,40,"['Nix', 'Scala', 'Swift', 'Objective-C', 'Python', 'Julia', 'Shell', 'C++', 'Java']",1.0,1.0
lvgrbbuq,Andrew,Johnson,Andrew.Johnson@yahoo.com,2,7,9,2,7,9,7,2,9,7,2,7,9,7,2,9,7,2,9,2,7,9,2,7,9,2,7,9,7,2,7,2,7,2,9,7,2,9,7,40,"['Perl', 'CodeQL', 'Assembly', 'Emacs Lisp', 'Python', 'SystemVerilog', 'C#', 'Visual Basic .NET', 'Java', 'Kotlin', 'Angular', 'Lua', 'Erlang', 'Groovy', 'SQL', 'React', 'Elixir', 'Scala', 'Shell', 'PHP', 'C++', 'JavaScript', 'Dart', 'Ruby', 'Haskell']",1.0,1.0
xwqykprg,John,Brown,John.Brown@gmail.com,3,4,8,3,4,8,4,3,8,4,3,4,8,4,3,8,4,3,8,3,4,8,3,4,8,3,4,8,4,3,4,3,4,3,8,4,3,8,4,36,"['SQL', 'Clojure']",1.0,1.0
lxyqinjr,Ashley,Harris,Ashley.Harris@yahoo.com,3,7,9,3,7,9,7,3,9,7,3,7,9,7,3,9,7,3,9,3,7,9,3,7,9,3,7,9,7,3,7,3,7,3,9,7,3,9,7,44,"['C#', 'React', 'Java', 'Emacs Lisp', 'Swift', 'CodeQL', 'SQL', 'Angular', 'Rust', 'R', 'WebAssembly', 'Ruby', 'Erlang', 'Scala', 'SystemVerilog', 'Clojure', 'Typescript', 'Lua', 'JavaScript', 'PHP', 'Perl', 'C', 'Groovy']",1.0,1.0
pdwqamkv,Matthew,Martin,Matthew.Martin@gmail.com,2,7,8,2,7,8,7,2,8,7,2,7,8,7,2,8,7,2,8,2,7,8,2,7,8,2,7,8,7,2,7,2,7,2,8,7,2,8,7,38,"['Visual Basic .NET', 'R', 'Go', 'Scala', 'Rust']",1.0,1.0
lpocqrih,Matthew,Taylor,Matthew.Taylor@gmail.com,1,6,9,1,6,9,6,1,9,6,1,6,9,6,1,9,6,1,9,1,6,9,1,6,9,1,6,9,6,1,6,1,6,1,9,6,1,9,6,34,"['Rust', 'Java', 'Scala', 'SQL', 'Go', 'Shell', 'Perl', 'Python', 'PowerShell', 'Julia', 'CodeQL', 'Elixir', 'Haskell', 'Visual Basic .NET', 'Dart', 'Fortran', 'HTML', 'Lua', 'WebAssembly', 'Clojure', 'React', 'C#', 'Angular', 'Groovy', 'Assembly', 'Typescript', 'DM', 'PHP', 'Swift']",1.0,1.0
zckutawm,Emily,Johnson,Emily.Johnson@yahoo.com,3,4,10,3,4,10,4,3,10,4,3,4,10,4,3,10,4,3,10,3,4,10,3,4,10,3,4,10,4,3,4,3,4,3,10,4,3,10,4,40,"['C#', 'CodeQL', 'Erlang']",1.0,1.0
cnkxopev,Daniel,Taylor,Daniel.Taylor@outlook.com,1,7,9,1,7,9,7,1,9,7,1,7,9,7,1,9,7,1,9,1,7,9,1,7,9,1,7,9,7,1,7,1,7,1,9,7,1,9,7,36,"['Go', 'SystemVerilog', 'Shell', 'Ruby', 'React', 'Kotlin']",1.0,1.0
adlbbezb,William,Martin,William.Martin@hotmail.com,2,7,8,2,7,8,7,2,8,7,2,7,8,7,2,8,7,2,8,2,7,8,2,7,8,2,7,8,7,2,7,2,7,2,8,7,2,8,7,38,"['Shell', 'Java', 'Fortran', 'Typescript', 'Python', 'Swift', 'Scala', 'HTML', 'Lua', 'Rust', 'WebAssembly', 'Julia', 'React', 'CodeQL', 'DM', 'C#', 'Nix', 'Visual Basic .NET', 'Angular', 'PowerShell', 'Haskell', 'F#', 'Clojure', 'Groovy', 'Emacs Lisp', 'Perl', 'JavaScript', 'Kotlin', 'R', 'C++', 'Assembly', 'Objective-C', 'C', 'SystemVerilog', 'SQL', 'Dart']",1.0,1.0
sipcfhau,Abigail,Miller,Abigail.Miller@gmail.com,3,7,9,3,7,9,7,3,9,7,3,7,9,7,3,9,7,3,9,3,7,9,3,7,9,3,7,9,7,3,7,3,7,3,9,7,3,9,7,44,"['Julia', 'Objective-C', 'SystemVerilog', 'Angular', 'Typescript', 'C#', 'Erlang', 'PHP', 'Python', 'Go', 'Swift', 'HTML', 'JavaScript', 'Scala', 'Kotlin', 'Ruby', 'Rust', 'Assembly', 'Visual Basic .NET', 'SQL', 'Nix', 'PowerShell', 'Haskell', 'CodeQL', 'C', 'C++', 'Java', 'Elixir', 'DM', 'Lua', 'F#', 'Clojure', 'R', 'Fortran', 'React', 'Dart', 'Groovy', 'Perl']",1.0,1.0
tgcbwigb,Jessica,Thompson,Jessica.Thompson@yahoo.com,1,4,10,1,4,10,4,1,10,4,1,4,10,4,1,10,4,1,10,1,4,10,1,4,10,1,4,10,4,1,4,1,4,1,10,4,1,10,4,32,"['Scala', 'Python', 'Angular', 'PowerShell', 'Kotlin', 'Groovy', 'Rust', 'PHP', 'Clojure', 'Julia', 'Haskell', 'Visual Basic .NET', 'CodeQL']",1.0,1.0
yofwokxt,Isabella,Thomas,Isabella.Thomas@yahoo.com,1,6,9,1,6,9,6,1,9,6,1,6,9,6,1,9,6,1,9,1,6,9,1,6,9,1,6,9,6,1,6,1,6,1,9,6,1,9,6,34,"['WebAssembly', 'React', 'Kotlin', 'CodeQL', 'SQL', 'Haskell', 'PowerShell', 'Objective-C', 'Elixir', 'HTML', 'Typescript', 'Lua', 'Julia', 'R', 'JavaScript', 'C#']",1.0,1.0
exfkvyak,Abigail,Brown,Abigail.Brown@outlook.com,3,4,8,3,4,8,4,3,8,4,3,4,8,4,3,8,4,3,8,3,4,8,3,4,8,3,4,8,4,3,4,3,4,3,8,4,3,8,4,36,"['Groovy', 'Ruby', 'React', 'Python', 'HTML', 'Emacs Lisp', 'Go', 'Lua', 'Java', 'C', 'Rust', 'DM', 'Kotlin', 'CodeQL', 'SystemVerilog', 'R', 'Erlang']",1.0,1.0
zfkpmajz,Christopher,Allen,Christopher.Allen@yahoo.com,2,4,8,2,4,8,4,2,8,4,2,4,8,4,2,8,4,2,8,2,4,8,2,4,8,2,4,8,4,2,4,2,4,2,8,4,2,8,4,32,"['Haskell', 'C++', 'Python', 'Swift', 'Erlang', 'Fortran', 'R', 'Ruby', 'JavaScript', 'Kotlin', 'Dart', 'DM', 'React', 'CodeQL', 'F#', 'WebAssembly', 'PHP', 'HTML', 'C#', 'SQL', 'Go', 'Java', 'Clojure', 'Angular', 'Scala', 'Lua', 'Groovy', 'SystemVerilog', 'C', 'Objective-C', 'Emacs Lisp', 'Visual Basic .NET', 'Typescript', 'Perl', 'Elixir', 'Nix', 'Shell', 'Rust', 'Assembly']",1.0,1.0
zlfhzcjp,Olivia,Jackson,Olivia.Jackson@hotmail.com,3,7,8,3,7,8,7,3,8,7,3,7,8,7,3,8,7,3,8,3,7,8,3,7,8,3,7,8,7,3,7,3,7,3,8,7,3,8,7,42,"['SQL', 'Rust', 'WebAssembly', 'Typescript', 'React']",1.0,1.0
jlhboafd,Matthew,Thomas,Matthew.Thomas@gmail.com,3,6,9,3,6,9,6,3,9,6,3,6,9,6,3,9,6,3,9,3,6,9,3,6,9,3,6,9,6,3,6,3,6,3,9,6,3,9,6,42,"['Lua', 'CodeQL', 'PowerShell', 'Elixir', 'Emacs Lisp', 'Typescript', 'Nix', 'Python', 'React', 'Visual Basic .NET', 'HTML', 'C#', 'DM', 'WebAssembly', 'Erlang', 'C++', 'Ruby', 'R', 'Fortran']",1.0,1.0
ecfutfjg,Olivia,Brown,Olivia.Brown@yahoo.com,2,6,10,2,6,10,6,2,10,6,2,6,10,6,2,10,6,2,10,2,6,10,2,6,10,2,6,10,6,2,6,2,6,2,10,6,2,10,6,40,"['Rust', 'Go', 'Ruby', 'Elixir', 'Lua', 'PowerShell', 'Kotlin', 'Typescript', 'Python', 'React', 'Fortran', 'Java', 'C', 'Scala', 'Emacs Lisp', 'Clojure', 'Julia', 'DM', 'Erlang', 'Angular', 'HTML', 'Perl', 'Shell', 'C++', 'Haskell', 'SQL', 'Visual Basic .NET', 'R']",1.0,1.0
apbvkpqz,Robert,Smith,Robert.Smith@gmail.com,3,4,10,3,4,10,4,3,10,4,3,4,10,4,3,10,4,3,10,3,4,10,3,4,10,3,4,10,4,3,4,3,4,3,10,4,3,10,4,40,"['Haskell', 'Julia', 'SQL', 'C#', 'F#', 'R', 'Nix', 'Erlang', 'Kotlin', 'Shell', 'Scala', 'Dart', 'Groovy', 'Clojure', 'Assembly']",1.0,1.0
msbycczj,Abigail,King,Abigail.King@gmail.com,3,7,10,3,7,10,7,3,10,7,3,7,10,7,3,10,7,3,10,3,7,10,3,7,10,3,7,10,7,3,7,3,7,3,10,7,3,10,7,46,"['Angular', 'HTML', 'React', 'Haskell', 'WebAssembly', 'Dart', 'Go', 'C++', 'Clojure', 'Nix', 'Shell', 'C', 'JavaScript', 'SQL', 'Perl', 'Assembly', 'Erlang', 'Rust', 'SystemVerilog', 'Ruby', 'Emacs Lisp', 'Fortran', 'Python', 'DM', 'Typescript', 'PHP', 'R', 'Groovy', 'F#', 'Kotlin', 'C#', 'Visual Basic .NET', 'Scala']",1.0,1.0
aqziwtue,Abigail,Williams,Abigail.Williams@outlook.com,1,5,10,1,5,10,5,1,10,5,1,5,10,5,1,10,5,1,10,1,5,10,1,5,10,1,5,10,5,1,5,1,5,1,10,5,1,10,5,34,"['Dart', 'PowerShell', 'JavaScript', 'Clojure', 'Java', 'Emacs Lisp', 'C++', 'Swift', 'Go', 'React', 'Assembly', 'Shell', 'DM', 'Lua', 'Ruby', 'Julia']",1.0,1.0
fiamdqnb,Sarah,Thompson,Sarah.Thompson@gmail.com,1,6,8,1,6,8,6,1,8,6,1,6,8,6,1,8,6,1,8,1,6,8,1,6,8,1,6,8,6,1,6,1,6,1,8,6,1,8,6,32,"['Visual Basic .NET', 'PowerShell', 'Typescript', 'HTML', 'Nix', 'Swift', 'Clojure', 'F#', 'Haskell', 'Go', 'Ruby', 'DM', 'Kotlin', 'CodeQL', 'C#', 'Python', 'Perl', 'JavaScript']",1.0,1.0
linaitqf,John,Williams,John.Williams@gmail.com,1,7,10,1,7,10,7,1,10,7,1,7,10,7,1,10,7,1,10,1,7,10,1,7,10,1,7,10,7,1,7,1,7,1,10,7,1,10,7,38,"['Fortran', 'Elixir', 'Objective-C', 'SQL', 'Nix', 'Scala', 'Ruby', 'F#', 'Julia', 'Groovy', 'Shell', 'PowerShell', 'HTML', 'DM', 'JavaScript', 'Erlang', 'Java', 'PHP', 'WebAssembly', 'Haskell', 'C', 'Clojure', 'Emacs Lisp', 'Perl', 'Dart', 'Python', 'SystemVerilog', 'R', 'CodeQL', 'Rust', 'Visual Basic .NET', 'Lua', 'C++']",1.0,1.0
phztjpfg,David,White,David.White@gmail.com,2,7,9,2,7,9,7,2,9,7,2,7,9,7,2,9,7,2,9,2,7,9,2,7,9,2,7,9,7,2,7,2,7,2,9,7,2,9,7,40,"['JavaScript', 'Scala', 'Fortran', 'Assembly', 'Elixir', 'C', 'SystemVerilog', 'Swift', 'Python', 'WebAssembly', 'Visual Basic .NET', 'Groovy', 'C#', 'Shell', 'Emacs Lisp', 'HTML', 'Clojure', 'CodeQL', 'Julia', 'Nix', 'SQL', 'Dart', 'R', 'Erlang', 'Typescript', 'F#', 'C++', 'Haskell', 'Perl']",1.0,1.0
lgxjxvpm,Ava,Allen,Ava.Allen@yahoo.com,1,7,10,1,7,10,7,1,10,7,1,7,10,7,1,10,7,1,10,1,7,10,1,7,10,1,7,10,7,1,7,1,7,1,10,7,1,10,7,38,"['Nix', 'Assembly', 'Kotlin', 'Haskell', 'Perl', 'JavaScript', 'Angular', 'C++', 'Swift', 'PowerShell', 'React', 'Go', 'Lua', 'C', 'Typescript', 'HTML', 'Java', 'Objective-C', 'Emacs Lisp', 'Python', 'Clojure', 'CodeQL', 'C#', 'Ruby']",1.0,1.0
osyalamt,Matthew,Allen,Matthew.Allen@outlook.com,2,4,9,2,4,9,4,2,9,4,2,4,9,4,2,9,4,2,9,2,4,9,2,4,9,2,4,9,4,2,4,2,4,2,9,4,2,9,4,34,"['SQL', 'Assembly', 'Python', 'Nix', 'Groovy', 'Julia', 'Typescript', 'Go', 'Clojure', 'Dart', 'Kotlin', 'R', 'Java', 'Shell', 'C#', 'Lua', 'C', 'Visual Basic .NET', 'CodeQL', 'Swift', 'SystemVerilog', 'React', 'DM', 'Angular', 'PowerShell', 'WebAssembly', 'Haskell', 'C++', 'Rust', 'JavaScript']",1.0,1.0
kecmumco,John,Davis,John.Davis@outlook.com,3,7,9,3,7,9,7,3,9,7,3,7,9,7,3,9,7,3,9,3,7,9,3,7,9,3,7,9,7,3,7,3,7,3,9,7,3,9,7,44,"['C++', 'Objective-C', 'DM', 'Nix', 'Haskell', 'SQL', 'Python', 'Elixir', 'HTML', 'Scala', 'Rust', 'Swift', 'Assembly', 'WebAssembly', 'Shell', 'Julia', 'Perl', 'Kotlin', 'Lua', 'Typescript', 'Clojure', 'Emacs Lisp', 'Visual Basic .NET', 'Go', 'Fortran']",1.0,1.0
tqxsxkev,Jane,Jackson,Jane.Jackson@hotmail.com,1,4,9,1,4,9,4,1,9,4,1,4,9,4,1,9,4,1,9,1,4,9,1,4,9,1,4,9,4,1,4,1,4,1,9,4,1,9,4,30,"['Ruby', 'HTML', 'Scala', 'Lua', 'PHP', 'CodeQL', 'Dart', 'Erlang', 'Go', 'Haskell', 'Elixir', 'Python', 'Perl', 'Shell', 'Nix', 'C++', 'DM', 'Java', 'C#', 'Typescript', 'Rust', 'SQL', 'Julia', 'PowerShell', 'SystemVerilog', 'Visual Basic .NET', 'Groovy', 'Fortran']",1.0,1.0
dfctqzop,Jessica,Miller,Jessica.Miller@yahoo.com,3,5,8,3,5,8,5,3,8,5,3,5,8,5,3,8,5,3,8,3,5,8,3,5,8,3,5,8,5,3,5,3,5,3,8,5,3,8,5,38,"['R', 'Dart', 'Swift', 'Visual Basic .NET', 'Haskell', 'Rust', 'Scala', 'Python', 'HTML', 'Ruby', 'Fortran', 'SQL', 'Perl', 'DM', 'Emacs Lisp', 'Nix', 'C#', 'Kotlin', 'JavaScript', 'Elixir', 'Groovy', 'C++', 'React', 'Julia', 'PHP', 'Typescript', 'Erlang', 'Objective-C', 'Clojure', 'Assembly', 'CodeQL', 'WebAssembly', 'Go', 'Shell', 'F#', 'Angular', 'Java']",1.0,1.0
owjdhxts,Sarah,Wilson,Sarah.Wilson@hotmail.com,2,5,10,2,5,10,5,2,10,5,2,5,10,5,2,10,5,2,10,2,5,10,2,5,10,2,5,10,5,2,5,2,5,2,10,5,2,10,5,38,"['Java', 'Swift', 'Typescript', 'Assembly', 'Objective-C', 'Perl', 'WebAssembly', 'Elixir', 'F#', 'C#', 'HTML', 'Lua', 'Go']",1.0,1.0
bewyhedn,Ashley,Smith,Ashley.Smith@outlook.com,3,4,10,3,4,10,4,3,10,4,3,4,10,4,3,10,4,3,10,3,4,10,3,4,10,3,4,10,4,3,4,3,4,3,10,4,3,10,4,40,"['React', 'Python', 'Erlang', 'Fortran', 'CodeQL', 'Rust', 'Lua', 'R', 'JavaScript', 'Angular', 'Scala', 'PHP', 'Kotlin', 'Typescript', 'Java', 'F#', 'Perl', 'Objective-C', 'Visual Basic .NET', 'Swift', 'Dart', 'Elixir', 'WebAssembly', 'Julia', 'Emacs Lisp', 'DM', 'Groovy', 'Assembly', 'Shell', 'Clojure', 'Ruby', 'Haskell', 'SystemVerilog', 'C', 'HTML']",1.0,1.0
xovpjscm,Jane,Smith,Jane.Smith@hotmail.com,3,6,10,3,6,10,6,3,10,6,3,6,10,6,3,10,6,3,10,3,6,10,3,6,10,3,6,10,6,3,6,3,6,3,10,6,3,10,6,44,"['Java', 'Erlang', 'Swift', 'Haskell', 'F#', 'Groovy', 'PHP', 'C', 'PowerShell', 'Perl', 'Assembly', 'Fortran']",1.0,1.0
hwykxpqr,Sarah,Williams,Sarah.Williams@outlook.com,3,6,8,3,6,8,6,3,8,6,3,6,8,6,3,8,6,3,8,3,6,8,3,6,8,3,6,8,6,3,6,3,6,3,8,6,3,8,6,40,"['DM', 'Dart', 'WebAssembly', 'Lua']",1.0,1.0
gzsovbrc,Olivia,Williams,Olivia.Williams@gmail.com,2,4,8,2,4,8,4,2,8,4,2,4,8,4,2,8,4,2,8,2,4,8,2,4,8,2,4,8,4,2,4,2,4,2,8,4,2,8,4,32,"['F#', 'React', 'C#', 'Clojure', 'Emacs Lisp', 'Objective-C']",1.0,1.0
lzaynxst,Jane,Taylor,Jane.Taylor@yahoo.com,3,7,9,3,7,9,7,3,9,7,3,7,9,7,3,9,7,3,9,3,7,9,3,7,9,3,7,9,7,3,7,3,7,3,9,7,3,9,7,44,"['Lua', 'C#', 'HTML', 'Rust', 'DM', 'Assembly', 'Julia', 'C', 'Haskell', 'F#', 'Go', 'Dart', 'SQL', 'Objective-C', 'Emacs Lisp', 'Nix', 'Kotlin', 'Visual Basic .NET', 'Clojure', 'Ruby', 'Elixir', 'PowerShell', 'Scala', 'WebAssembly']",1.0,1.0
seuseptr,Michael,Davis,Michael.Davis@yahoo.com,2,6,10,2,6,10,6,2,10,6,2,6,10,6,2,10,6,2,10,2,6,10,2,6,10,2,6,10,6,2,6,2,6,2,10,6,2,10,6,40,"['Lua', 'Java', 'Go', 'Clojure', 'Perl', 'Shell', 'WebAssembly', 'Visual Basic .NET', 'Emacs Lisp', 'Typescript', 'Nix', 'CodeQL', 'Kotlin', 'Elixir', 'PowerShell', 'Erlang', 'Groovy', 'R', 'React', 'Scala', 'Haskell', 'C', 'Ruby', 'JavaScript', 'F#', 'Swift', 'Dart', 'C++', 'Objective-C']",1.0,1.0
rxdxpdpu,Andrew,Smith,Andrew.Smith@yahoo.com,3,4,9,3,4,9,4,3,9,4,3,4,9,4,3,9,4,3,9,3,4,9,3,4,9,3,4,9,4,3,4,3,4,3,9,4,3,9,4,38,"['Clojure', 'DM', 'Ruby']",1.0,1.0
ggzkdadp,William,Smith,William.Smith@yahoo.com,3,6,9,3,6,9,6,3,9,6,3,6,9,6,3,9,6,3,9,3,6,9,3,6,9,3,6,9,6,3,6,3,6,3,9,6,3,9,6,42,"['Typescript', 'Shell', 'SystemVerilog', 'Python', 'PowerShell', 'Rust', 'Elixir', 'HTML', 'R', 'C#', 'Java', 'Groovy', 'Go', 'Assembly', 'C', 'Dart', 'Lua', 'DM', 'Swift', 'Erlang', 'Fortran', 'Visual Basic .NET']",1.0,1.0
rtbbrybi,John,Jackson,John.Jackson@yahoo.com,1,4,9,1,4,9,4,1,9,4,1,4,9,4,1,9,4,1,9,1,4,9,1,4,9,1,4,9,4,1,4,1,4,1,9,4,1,9,4,30,"['Clojure', 'Haskell', 'Elixir', 'Visual Basic .NET', 'F#', 'Julia', 'Dart', 'Python', 'Java', 'WebAssembly', 'C', 'PowerShell', 'Assembly', 'React', 'Swift', 'Lua', 'C#', 'Groovy', 'Typescript', 'Fortran', 'HTML', 'CodeQL', 'Nix', 'Angular', 'Kotlin', 'PHP', 'SQL', 'Scala', 'SystemVerilog', 'R', 'C++', 'JavaScript']",1.0,1.0
zprqwnln,Jessica,Williams,Jessica.Williams@hotmail.com,2,5,8,2,5,8,5,2,8,5,2,5,8,5,2,8,5,2,8,2,5,8,2,5,8,2,5,8,5,2,5,2,5,2,8,5,2,8,5,34,"['Visual Basic .NET', 'WebAssembly', 'R', 'JavaScript', 'SQL', 'Scala', 'Java', 'Dart', 'Julia', 'Groovy']",1.0,1.0
hbrwiafu,Abigail,Johnson,Abigail.Johnson@outlook.com,1,4,9,1,4,9,4,1,9,4,1,4,9,4,1,9,4,1,9,1,4,9,1,4,9,1,4,9,4,1,4,1,4,1,9,4,1,9,4,30,"['JavaScript', 'Go', 'Fortran', 'Java', 'Dart', 'Visual Basic .NET', 'Elixir', 'Typescript', 'C', 'Perl', 'Emacs Lisp', 'Angular', 'SQL', 'Lua', 'Clojure', 'Haskell', 'React', 'CodeQL', 'R']",1.0,1.0
tyydpsji,Ava,Wilson,Ava.Wilson@outlook.com,3,6,10,3,6,10,6,3,10,6,3,6,10,6,3,10,6,3,10,3,6,10,3,6,10,3,6,10,6,3,6,3,6,3,10,6,3,10,6,44,"['Elixir', 'Perl', 'Assembly', 'Nix', 'SystemVerilog', 'Haskell', 'C#', 'CodeQL', 'Rust', 'PowerShell', 'Java', 'HTML', 'Lua', 'Objective-C', 'Swift', 'Groovy', 'Fortran', 'React', 'Python', 'R', 'Emacs Lisp', 'Visual Basic .NET', 'Go', 'Angular', 'PHP', 'Dart', 'C++', 'Shell', 'Julia', 'DM', 'Ruby', 'Erlang', 'Kotlin', 'F#', 'Typescript']",1.0,1.0
oczeawrk,Olivia,Martin,Olivia.Martin@gmail.com,1,6,10,1,6,10,6,1,10,6,1,6,10,6,1,10,6,1,10,1,6,10,1,6,10,1,6,10,6,1,6,1,6,1,10,6,1,10,6,36,"['C', 'Kotlin', 'R', 'Haskell', 'SQL', 'Clojure', 'Python', 'Visual Basic .NET']",1.0,1.0
ebjikeff,Daniel,Brown,Daniel.Brown@yahoo.com,1,4,9,1,4,9,4,1,9,4,1,4,9,4,1,9,4,1,9,1,4,9,1,4,9,1,4,9,4,1,4,1,4,1,9,4,1,9,4,30,"['Emacs Lisp', 'WebAssembly', 'C', 'React', 'Perl', 'F#', 'CodeQL', 'JavaScript', 'Objective-C', 'SystemVerilog', 'Swift', 'DM', 'C++', 'Elixir', 'Python', 'Ruby', 'R', 'Rust', 'Julia', 'Groovy', 'Angular', 'Lua', 'Nix', 'Clojure', 'Visual Basic .NET', 'HTML', 'SQL', 'PowerShell', 'Java']",1.0,1.0
ehdpsupc,Matthew,Thompson,Matthew.Thompson@hotmail.com,1,7,8,1,7,8,7,1,8,7,1,7,8,7,1,8,7,1,8,1,7,8,1,7,8,1,7,8,7,1,7,1,7,1,8,7,1,8,7,34,"['Dart', 'Angular', 'Julia', 'Ruby', 'Python', 'Go', 'React', 'Kotlin', 'PowerShell']",1.0,1.0
premirmt,Abigail,Miller,Abigail.Miller@gmail.com,2,7,8,2,7,8,7,2,8,7,2,7,8,7,2,8,7,2,8,2,7,8,2,7,8,2,7,8,7,2,7,2,7,2,8,7,2,8,7,38,"['Go', 'React', 'Elixir', 'Python', 'HTML', 'Ruby', 'C++', 'SystemVerilog', 'WebAssembly', 'Groovy', 'Emacs Lisp', 'CodeQL', 'PowerShell', 'Fortran', 'SQL', 'Kotlin', 'F#', 'Haskell', 'Erlang', 'C#']",1.0,1.0
nxbujaac,Olivia,Allen,Olivia.Allen@gmail.com,2,4,9,2,4,9,4,2,9,4,2,4,9,4,2,9,4,2,9,2,4,9,2,4,9,2,4,9,4,2,4,2,4,2,9,4,2,9,4,34,"['Assembly', 'Dart', 'CodeQL', 'Angular', 'Visual Basic .NET', 'Nix', 'Ruby', 'Emacs Lisp', 'C++', 'Scala', 'SQL', 'Clojure']",1.0,1.0
mjyhekdu,Jessica,Jackson,Jessica.Jackson@outlook.com,3,6,9,3,6,9,6,3,9,6,3,6,9,6,3,9,6,3,9,3,6,9,3,6,9,3,6,9,6,3,6,3,6,3,9,6,3,9,6,42,"['Groovy', 'Dart', 'Typescript', 'Erlang', 'Angular', 'Emacs Lisp', 'DM', 'Kotlin', 'Ruby', 'Lua', 'Scala', 'Julia', 'C#', 'Haskell', 'WebAssembly', 'Python', 'SystemVerilog', 'Go', 'Shell', 'Objective-C', 'C']",1.0,1.0
goyiddtw,David,Miller,David.Miller@yahoo.com,2,4,9,2,4,9,4,2,9,4,2,4,9,4,2,9,4,2,9,2,4,9,2,4,9,2,4,9,4,2,4,2,4,2,9,4,2,9,4,34,"['R', 'DM', 'Perl', 'Elixir', 'Python', 'Angular', 'React', 'HTML']",1.0,1.0
omeuvptt,Isabella,Anderson,Isabella.Anderson@yahoo.com,3,4,10,3,4,10,4,3,10,4,3,4,10,4,3,10,4,3,10,3,4,10,3,4,10,3,4,10,4,3,4,3,4,3,10,4,3,10,4,40,"['Kotlin', 'Swift', 'Typescript', 'Scala', 'Lua', 'Rust', 'Visual Basic .NET', 'Erlang', 'HTML', 'C++', 'Java', 'C', 'Emacs Lisp', 'WebAssembly', 'Go', 'C#', 'Elixir', 'SystemVerilog', 'CodeQL', 'Shell', 'PowerShell', 'DM', 'React', 'Haskell', 'SQL', 'Angular', 'JavaScript', 'Nix', 'PHP', 'Assembly', 'F#', 'Clojure', 'Objective-C', 'R']",1.0,1.0
seqradph,Daniel,Taylor,Daniel.Taylor@outlook.com,2,5,10,2,5,10,5,2,10,5,2,5,10,5,2,10,5,2,10,2,5,10,2,5,10,2,5,10,5,2,5,2,5,2,10,5,2,10,5,38,"['Shell', 'Elixir', 'HTML', 'Rust', 'Scala', 'Assembly', 'Emacs Lisp', 'Dart', 'Go', 'WebAssembly', 'Haskell', 'Java', 'DM', 'Fortran', 'Nix', 'Clojure', 'SystemVerilog', 'Perl', 'Kotlin', 'Typescript', 'Angular', 'CodeQL']",1.0,1.0
szaeodvt,David,Moore,David.Moore@hotmail.com,1,6,10,1,6,10,6,1,10,6,1,6,10,6,1,10,6,1,10,1,6,10,1,6,10,1,6,10,6,1,6,1,6,1,10,6,1,10,6,36,"['Visual Basic .NET', 'DM', 'WebAssembly', 'Python', 'Java', 'Groovy', 'Erlang', 'Julia', 'Assembly', 'Shell', 'C', 'Emacs Lisp', 'C#', 'Ruby', 'PHP', 'Perl', 'F#', 'Elixir', 'Objective-C', 'Swift', 'CodeQL', 'Dart', 'C++', 'Rust', 'React', 'PowerShell', 'SQL', 'Kotlin', 'HTML', 'Typescript']",1.0,1.0
ezjhiquu,Olivia,Allen,Olivia.Allen@outlook.com,3,5,9,3,5,9,5,3,9,5,3,5,9,5,3,9,5,3,9,3,5,9,3,5,9,3,5,9,5,3,5,3,5,3,9,5,3,9,5,40,"['Perl', 'Scala', 'Julia', 'PowerShell', 'Java', 'Dart', 'Groovy', 'C++']",1.0,1.0
soaulnpg,Jessica,Smith,Jessica.Smith@yahoo.com,1,5,10,1,5,10,5,1,10,5,1,5,10,5,1,10,5,1,10,1,5,10,1,5,10,1,5,10,5,1,5,1,5,1,10,5,1,10,5,34,"['SystemVerilog', 'Python', 'Kotlin', 'Nix', 'F#', 'Angular', 'C++', 'R', 'Groovy', 'Go', 'Emacs Lisp', 'Java', 'C', 'Scala', 'Elixir', 'Ruby', 'Objective-C', 'C#', 'CodeQL', 'Lua', 'Typescript', 'React', 'Swift', 'Julia', 'JavaScript', 'SQL', 'Perl', 'Visual Basic .NET', 'Shell', 'Fortran', 'Clojure', 'Assembly']",1.0,1.0
ngngnict,Jessica,Thompson,Jessica.Thompson@hotmail.com,1,4,8,1,4,8,4,1,8,4,1,4,8,4,1,8,4,1,8,1,4,8,1,4,8,1,4,8,4,1,4,1,4,1,8,4,1,8,4,28,"['C', 'Perl', 'Nix', 'Emacs Lisp', 'PHP', 'Dart', 'Typescript', 'HTML', 'WebAssembly', 'Java', 'Julia', 'CodeQL', 'C#', 'Erlang', 'C++', 'Scala', 'PowerShell', 'Haskell', 'Go', 'Assembly', 'R', 'Clojure']",1.0,1.0
tlyojips,Olivia,Brown,Olivia.Brown@outlook.com,2,6,10,2,6,10,6,2,10,6,2,6,10,6,2,10,6,2,10,2,6,10,2,6,10,2,6,10,6,2,6,2,6,2,10,6,2,10,6,40,"['Nix', 'Python', 'JavaScript', 'WebAssembly', 'CodeQL', 'Visual Basic .NET', 'Dart', 'Groovy', 'Objective-C', 'SQL', 'Clojure', 'Lua', 'Assembly', 'Swift', 'Erlang', 'React', 'Fortran', 'Julia']",1.0,1.0
xjccusdl,William,Johnson,William.Johnson@outlook.com,2,6,8,2,6,8,6,2,8,6,2,6,8,6,2,8,6,2,8,2,6,8,2,6,8,2,6,8,6,2,6,2,6,2,8,6,2,8,6,36,"['Java', 'Rust', 'SQL', 'Nix', 'React', 'Python', 'DM', 'Kotlin', 'C#', 'Perl', 'Groovy', 'C', 'Emacs Lisp', 'Ruby', 'Assembly', 'SystemVerilog', 'Clojure', 'Typescript', 'Dart', 'R', 'F#', 'Objective-C', 'JavaScript', 'Shell']",1.0,1.0
amuxxvmb,Olivia,Anderson,Olivia.Anderson@outlook.com,2,7,8,2,7,8,7,2,8,7,2,7,8,7,2,8,7,2,8,2,7,8,2,7,8,2,7,8,7,2,7,2,7,2,8,7,2,8,7,38,"['PHP', 'Kotlin', 'HTML', 'Emacs Lisp', 'Python', 'Nix', 'C#', 'Elixir', 'Fortran', 'Objective-C', 'Typescript', 'PowerShell', 'DM']",1.0,1.0
vvcggccp,Ashley,Jackson,Ashley.Jackson@outlook.com,1,6,10,1,6,10,6,1,10,6,1,6,10,6,1,10,6,1,10,1,6,10,1,6,10,1,6,10,6,1,6,1,6,1,10,6,1,10,6,36,"['Scala', 'Objective-C', 'Julia', 'C', 'Python', 'C++', 'SystemVerilog', 'Lua', 'CodeQL', 'PowerShell', 'Erlang', 'Go', 'Perl', 'SQL', 'Haskell', 'Dart', 'Emacs Lisp', 'Groovy', 'Nix']",1.0,1.0
nerwzxpa,Daniel,Young,Daniel.Young@hotmail.com,2,6,10,2,6,10,6,2,10,6,2,6,10,6,2,10,6,2,10,2,6,10,2,6,10,2,6,10,6,2,6,2,6,2,10,6,2,10,6,40,['Lua'],1.0,1.0
jnhxmvkj,Olivia,White,Olivia.White@hotmail.com,2,4,10,2,4,10,4,2,10,4,2,4,10,4,2,10,4,2,10,2,4,10,2,4,10,2,4,10,4,2,4,2,4,2,10,4,2,10,4,36,"['C#', 'DM', 'PowerShell']",1.0,1.0
